{"total_games_played": 46, "win_rate": 0.45652173913043476, "avg_playtime_mins": 47.96666666666667, "avg_floor": 41.45652173913044, "max_score": 3489, "avg_times_rest": 1.6956521739130435, "avg_times_upgrade": 4.543478260869565, "max_hp_over_80": 4, "max_hp_under_40": 1}