{"total_games_played": 46, "win_rate": 0.5217391304347826, "avg_playtime_mins": 39.78550724637681, "avg_floor": 44.04347826086956, "max_score": 3492, "avg_times_rest": 1.6521739130434783, "avg_times_upgrade": 4.217391304347826, "max_hp_over_80": 8, "max_hp_under_40": 0}