{"total_games_played": 51, "win_rate": 0.6470588235294118, "avg_playtime_mins": 123.88300653594771, "avg_floor": 48.27450980392157, "max_score": 3500, "avg_times_rest": 0.8235294117647058, "avg_times_upgrade": 4.372549019607843, "max_hp_over_80": 24, "max_hp_under_40": 1}