{"total_games_played": 46, "win_rate": 0.45652173913043476, "avg_playtime_mins": 46.42934782608696, "avg_floor": 43.15217391304348, "max_score": 3429, "avg_times_rest": 1.565217391304348, "avg_times_upgrade": 4.3478260869565215, "max_hp_over_80": 26, "max_hp_under_40": 0}