{"total_games_played": 30, "win_rate": 0.4, "avg_playtime_mins": 88.43888888888888, "avg_floor": 45.46666666666667, "max_score": 3782, "avg_times_rest": 1.0333333333333334, "avg_times_upgrade": 5.666666666666667, "max_hp_over_80": 22, "max_hp_under_40": 0}