{"total_games_played": 184, "win_rate": 0.4945652173913043, "avg_playtime_mins": 47.318931159420295, "avg_floor": 43.41304347826087, "max_score": 3512, "avg_times_rest": 1.6684782608695652, "avg_times_upgrade": 4.603260869565218, "max_hp_over_80": 49, "max_hp_under_40": 1}