{"total_games_played": 46, "win_rate": 0.5434782608695652, "avg_playtime_mins": 55.094202898550726, "avg_floor": 45.0, "max_score": 3512, "avg_times_rest": 1.7608695652173914, "avg_times_upgrade": 5.304347826086956, "max_hp_over_80": 11, "max_hp_under_40": 0}